name,country,continent,unesco_id,inception_year,inscription_year,heritage_criteria,official_website,wikidata_item,lon,lat
Agave Landscape and Ancient Industrial Facilities of Tequila,Mexico,North America,1209,,2006,http://www.wikidata.org/entity/Q23038976;http://www.wikidata.org/entity/Q23038978;http://www.wikidata.org/entity/Q23038979;http://www.wikidata.org/entity/Q23038980,,http://www.wikidata.org/entity/Q2104675,-103.769989,20.628286
Alcobaça Monastery,Portugal,Europe,505,,1989,http://www.wikidata.org/entity/Q23038972;http://www.wikidata.org/entity/Q23038976;http://www.wikidata.org/entity/Q23038978,http://www.mosteiroalcobaca.pt,http://www.wikidata.org/entity/Q593147,-8.98,39.548333333
Alminhas da Ponte,Portugal,Europe,,,,http://www.wikidata.org/entity/Q23038978,,http://www.wikidata.org/entity/Q665878,-8.61085556,41.14074722
Alto Douro Wine Region,Portugal,Europe,1046,,2001,http://www.wikidata.org/entity/Q23038977;http://www.wikidata.org/entity/Q23038978;http://www.wikidata.org/entity/Q23038979,,http://www.wikidata.org/entity/Q649738,-7.544216,41.21145
Ancient Building Complex in the Wudang Mountains,People's Republic of China,Asia,705,,1994,http://www.wikidata.org/entity/Q23038972;http://www.wikidata.org/entity/Q23038976;http://www.wikidata.org/entity/Q23038980,,http://www.wikidata.org/entity/Q11124244,111.05827,32.44479
Ancient Reduction of Santiago Apostle of Cercado,Peru,South America,,,,,,http://www.wikidata.org/entity/Q135087521,-77.011555495,-12.04934891
Antequera Dolmens Site,Spain,Europe,1501,,2016,http://www.wikidata.org/entity/Q23038972;http://www.wikidata.org/entity/Q23038977;http://www.wikidata.org/entity/Q23038978,,http://www.wikidata.org/entity/Q97633694,-4.548055555,37.023333333
Archaeological Area and the Patriarchal Basilica of Aquileia,Italy,Europe,825ter,,1998,http://www.wikidata.org/entity/Q23038977;http://www.wikidata.org/entity/Q23038978;http://www.wikidata.org/entity/Q23038980,http://www.basilicadiaquileia.it,http://www.wikidata.org/entity/Q3575761,13.3675,45.7683
Archaeological Ensemble of Mérida,Spain,Europe,664,,1993,http://www.wikidata.org/entity/Q23038977;http://www.wikidata.org/entity/Q23038978,,http://www.wikidata.org/entity/Q15233334,-6.33869,38.91597
Archaeological Sites of Mycenae and Tiryns,Greece,Europe,941,,1999,http://www.wikidata.org/entity/Q23038972;http://www.wikidata.org/entity/Q23038976;http://www.wikidata.org/entity/Q23038977;http://www.wikidata.org/entity/Q23038978;http://www.wikidata.org/entity/Q23038980,,http://www.wikidata.org/entity/Q16945635,22.75,37.73333333
Arras Flying Services Memorial,France,Europe,,,2023,,,http://www.wikidata.org/entity/Q2674251,2.760418,50.286989
Arras Memorial,France,Europe,,,2023,,,http://www.wikidata.org/entity/Q2782982,2.760652,50.286982
Artists' Colony in Darmstadt,Germany,Europe,1614,,2021,http://www.wikidata.org/entity/Q23038976;http://www.wikidata.org/entity/Q23038978,,http://www.wikidata.org/entity/Q314730,8.66650397,49.875433345
Asmara: A Modernist African City,Eritrea,Africa,1550,,2017,http://www.wikidata.org/entity/Q23038976;http://www.wikidata.org/entity/Q23038978,,http://www.wikidata.org/entity/Q124393371,38.935833,15.335278
"Assisi, the Basilica of San Francesco and Other Franciscan Sites",Italy,Europe,990,,2000,http://www.wikidata.org/entity/Q23038972;http://www.wikidata.org/entity/Q23038976;http://www.wikidata.org/entity/Q23038977;http://www.wikidata.org/entity/Q23038978;http://www.wikidata.org/entity/Q23038980,,http://www.wikidata.org/entity/Q16913154,12.62244444,43.06616667
"Assumption Cathedral, Sviyazhsk",Russia,Europe,1525,,2017,http://www.wikidata.org/entity/Q23038976;http://www.wikidata.org/entity/Q23038978,http://sviyazhsk-monastery.ru/,http://www.wikidata.org/entity/Q4411008,48.652451,55.770124
Astronomical Observatory of the University of Kazan,Russia,Europe,1678-001,,2023,,,http://www.wikidata.org/entity/Q4071782,49.11916667,55.79083333
Bahá'í World Centre buildings,Israel,Asia,1220rev,,2008,http://www.wikidata.org/entity/Q23038977;http://www.wikidata.org/entity/Q23038980,,http://www.wikidata.org/entity/Q2149036,34.98655,32.81378
banks of the Seine,France,Europe,600,,1991,http://www.wikidata.org/entity/Q23038972;http://www.wikidata.org/entity/Q23038976;http://www.wikidata.org/entity/Q23038978,,http://www.wikidata.org/entity/Q2233532,2.35889,48.85
Batalha Monastery,Portugal,Europe,264,,1983,http://www.wikidata.org/entity/Q23038972;http://www.wikidata.org/entity/Q23038976,http://www.mosteirobatalha.pt/pt/index.php,http://www.wikidata.org/entity/Q174779,-8.826111111,39.659166666
Beaumont-Hamel Newfoundland Memorial,France,Europe,,,2023,,,http://www.wikidata.org/entity/Q813418,2.648229,50.073838
Behistun,Iran,Asia,1222,,2006,http://www.wikidata.org/entity/Q23038976;http://www.wikidata.org/entity/Q23038977,,http://www.wikidata.org/entity/Q6547997,47.434361111,34.388222222
Beit Guvrin National Park,Israel,Asia,1370,,2014,http://www.wikidata.org/entity/Q23038979,,http://www.wikidata.org/entity/Q2407530,34.89833333,31.61305556
Beit She'arim National Park,Israel,Asia,1471,,2015,http://www.wikidata.org/entity/Q23038976;http://www.wikidata.org/entity/Q23038977,,http://www.wikidata.org/entity/Q830805,35.128055555,32.704166666
Bergpark Wilhelmshöhe,Germany,Europe,1413,,2013,http://www.wikidata.org/entity/Q23038977;http://www.wikidata.org/entity/Q23038978,https://www.heritage-kassel.de/standorte/bergpark-wilhelmshoeh,http://www.wikidata.org/entity/Q447441,9.4,51.3167
Berlin Modernism Housing Estates,Germany,Europe,1239,,2008,http://www.wikidata.org/entity/Q23038976;http://www.wikidata.org/entity/Q23038978,,http://www.wikidata.org/entity/Q19094,13.45,52.448333
Bhimbetka rock shelters,India,Asia,925,,2003,http://www.wikidata.org/entity/Q23038977;http://www.wikidata.org/entity/Q23038979,,http://www.wikidata.org/entity/Q331603,77.61438056,22.93863333
"Biblical Tels - Megiddo, Hazor, Beer Sheba",Israel,Asia,1108,,2005,http://www.wikidata.org/entity/Q23038976;http://www.wikidata.org/entity/Q23038977;http://www.wikidata.org/entity/Q23038978;http://www.wikidata.org/entity/Q23038980,,http://www.wikidata.org/entity/Q15477047,35.18222,32.59722
"Birthplace of Jesus: Church of the Nativity and the Pilgrimage Route, Bethlehem",Palestine,Asia,1433,,2012,http://www.wikidata.org/entity/Q23038978;http://www.wikidata.org/entity/Q23038980,,http://www.wikidata.org/entity/Q79395074,35.20669,31.7044
Bolgar Historical and Archaeological Complex,Russia,Europe,981,,2014,http://www.wikidata.org/entity/Q23038976;http://www.wikidata.org/entity/Q23038980,,http://www.wikidata.org/entity/Q47519282,49.05639,54.97889
Bom Jesus do Monte,Portugal,Europe,1590,,2019,http://www.wikidata.org/entity/Q23038978,https://bomjesus.pt/,http://www.wikidata.org/entity/Q2707216,-8.3775,41.5546
Cadeia da Relação,Portugal,Europe,,,,http://www.wikidata.org/entity/Q23038978,,http://www.wikidata.org/entity/Q9672205,-8.615831,41.144626
Cambrai Memorial to the Missing,France,Europe,,,2023,,,http://www.wikidata.org/entity/Q1854219,3.015277777,50.136666666
"Campus de Alcalá de Henares, University of Alcalá",Spain,Europe,,,1998,,https://www.uah.es/es/conoce-la-uah/campus-centros-y-departamentos/campus/campus-historico/,http://www.wikidata.org/entity/Q127413732,-3.363085438,40.482902981
Canada do Inferno / Rego da vide,Portugal,Europe,866-002,,1998,,,http://www.wikidata.org/entity/Q64686788,-7.108769,41.073444
Canadian National Vimy Memorial,France,Europe,,,2023,,http://www.veterans.gc.ca/eng/remembrance/memorials/overseas/first-world-war/france/vimy/,http://www.wikidata.org/entity/Q2561040,2.773611111,50.379444444
Capela de Nossa Senhora da Guia,People's Republic of China,Asia,1110,,,,,http://www.wikidata.org/entity/Q6730067,113.54969,22.19659
Casa Concha,Peru,South America,,,,,http://www.museomachupicchu.com/,http://www.wikidata.org/entity/Q42833930,-71.97688,-13.517326
Casa Corazao,Peru,South America,,,,,,http://www.wikidata.org/entity/Q89419725,-71.976557,-13.519316
Casa de Carmen Alto 166,Peru,South America,,,,,,http://www.wikidata.org/entity/Q88966611,-71.975261,-13.514433
Casa de Oblitas,Peru,South America,,,,,,http://www.wikidata.org/entity/Q88965299,-71.982943,-13.516826
Casa de Rozas Velasco,Peru,South America,,,,,,http://www.wikidata.org/entity/Q90827916,-71.979055,-13.519215
Casa Garden,People's Republic of China,Asia,1110,,,,,http://www.wikidata.org/entity/Q4570262,113.54,22.2003
Casa Guevara,Peru,South America,,,,,,http://www.wikidata.org/entity/Q90829149,-71.984369,-13.515224
Casa Lercaros,Peru,South America,,,,,,http://www.wikidata.org/entity/Q89361432,-71.979968,-13.516822
Casa Ochoa Escalante,Peru,South America,,,,,,http://www.wikidata.org/entity/Q88965386,-71.981785,-13.514113
Casa Venero,Peru,South America,,,,,,http://www.wikidata.org/entity/Q88965868,-71.982688,-13.517143
Casa Álvarez,Peru,South America,,,,,,http://www.wikidata.org/entity/Q90826778,-71.979768,-13.520001
Castra of Gunzenhausen,Germany,Europe,,,,,,http://www.wikidata.org/entity/Q1466202,10.75555556,49.11277778
Cathedral of the Savior in his Epiphany of Zaragoza,Spain,Europe,,,,,,http://www.wikidata.org/entity/Q2196869,-0.87585,41.65456
Cave of Altacosa,Spain,Europe,310-001,,1985,,,http://www.wikidata.org/entity/Q133575,-4.11667,43.38333
Cavernas do Peruaçu National Park,Brazil,South America,1747,,2025,,,http://www.wikidata.org/entity/Q1051873,-44.32434,-15.12251
Centennial Hall,Poland,Europe,1165,,2006,http://www.wikidata.org/entity/Q23038972;http://www.wikidata.org/entity/Q23038976;http://www.wikidata.org/entity/Q23038978,http://www.halastulecia.pl/,http://www.wikidata.org/entity/Q155743,17.077222222,51.106944444
Central Amazon Conservation Complex,Brazil,South America,998bis,,2000,http://www.wikidata.org/entity/Q23038985;http://www.wikidata.org/entity/Q23038986,,http://www.wikidata.org/entity/Q2990490,-62.0083,-2.33333
Central Sikhote-Alin,Russia,Europe,766,,2001,http://www.wikidata.org/entity/Q23038986,,http://www.wikidata.org/entity/Q64787152,136.66111,46.68333
Centro Histórico de Angra do Heroísmo,Portugal,Europe,206,,1983,http://www.wikidata.org/entity/Q23038978;http://www.wikidata.org/entity/Q23038980,,http://www.wikidata.org/entity/Q2945656,-27.22,38.655
Centro Histórico de Évora,Portugal,Europe,361,,1986,http://www.wikidata.org/entity/Q23038976;http://www.wikidata.org/entity/Q23038978,,http://www.wikidata.org/entity/Q8343770,-7.90777778,38.57305556
"Champagne hillsides, houses and cellars",France,Europe,1465,,2015,http://www.wikidata.org/entity/Q23038977;http://www.wikidata.org/entity/Q23038978;http://www.wikidata.org/entity/Q23038980,https://www.champagne-patrimoinemondial.org/,http://www.wikidata.org/entity/Q20650698,3.94611,49.0775
Chauvet Cave,France,Europe,1426,1994,2014,http://www.wikidata.org/entity/Q23038972;http://www.wikidata.org/entity/Q23038977,https://archeologie.culture.gouv.fr/chauvet/fr/visiter-la-grotte,http://www.wikidata.org/entity/Q374096,4.4161408,44.3881219
Chavin de Huantar,Peru,South America,330,,1985,http://www.wikidata.org/entity/Q23038977,,http://www.wikidata.org/entity/Q732554,-77.178452777,-9.592775
Chief Roi Mata’s Domain,Vanuatu,Insular Oceania,1280,,2008,http://www.wikidata.org/entity/Q23038977;http://www.wikidata.org/entity/Q23038979;http://www.wikidata.org/entity/Q23038980,,http://www.wikidata.org/entity/Q1072369,168.23399,-17.69364
Chinese Pavilion at Drottningholm,Sweden,Europe,559-003,,1991,http://www.wikidata.org/entity/Q23038978,https://www.kungligaslotten.se/english/royal-palaces-and-sites/the-chinese-pavilion.html,http://www.wikidata.org/entity/Q2227225,17.87861111,59.31694444
Church of Our Lady of the Good Death,Brazil,South America,,,2001,,,http://www.wikidata.org/entity/Q10300355,-50.140393,-15.933639
Church of St. Thecla,Spain,Europe,378-006,,1986,,,http://www.wikidata.org/entity/Q5912026,-1.735805555,41.432972222
"Church of the Ascension, Kolomenskoye",Russia,Europe,634,,1994,http://www.wikidata.org/entity/Q23038976,http://www.mgomz.ru/,http://www.wikidata.org/entity/Q220951,37.670833333,55.667222222
Church of the Holy All-Savior of Derbent,Russia,Europe,,,,,,http://www.wikidata.org/entity/Q4505008,48.287047,42.057012
Church of the Nativity,Palestine,Asia,1433,,2012,http://www.wikidata.org/entity/Q23038978;http://www.wikidata.org/entity/Q23038980,https://www.custodia.org/it/santuari/betlemme,http://www.wikidata.org/entity/Q194504,35.207583333,31.704305555
Churches and Convents of Goa,India,Asia,234,,1986,http://www.wikidata.org/entity/Q23038976;http://www.wikidata.org/entity/Q23038978;http://www.wikidata.org/entity/Q23038980,,http://www.wikidata.org/entity/Q15726428,73.9117,15.5024
Churches of the Pskov School of Architecture,Russia,Europe,1523,,2019,http://www.wikidata.org/entity/Q23038976,,http://www.wikidata.org/entity/Q66053233,28.3286,57.8072
City of Vicenza and the Palladian Villas of the Veneto,Italy,Europe,712bis,,1994,http://www.wikidata.org/entity/Q23038972;http://www.wikidata.org/entity/Q23038976,https://www.vicenzavillepalladio.it,http://www.wikidata.org/entity/Q370956,11.55,45.55
Cold Winter Deserts of Turan,Turkmenistan,Asia,1693,,2023,http://www.wikidata.org/entity/Q23038985;http://www.wikidata.org/entity/Q23038986,,http://www.wikidata.org/entity/Q122731152,79.034166666,44.025833333
Collegiate church of Santa María,Spain,Europe,378-005,,1986,,,http://www.wikidata.org/entity/Q3897006,-1.645056,41.354056
Convent of Christ,Portugal,Europe,265,,1983,http://www.wikidata.org/entity/Q23038972;http://www.wikidata.org/entity/Q23038980,http://www.conventocristo.gov.pt/,http://www.wikidata.org/entity/Q736692,-8.419258,39.603636
Couros Zone,Portugal,Europe,,,2023,http://www.wikidata.org/entity/Q23038977;http://www.wikidata.org/entity/Q23038978;http://www.wikidata.org/entity/Q23038979,,http://www.wikidata.org/entity/Q54943569,-8.293,41.44
Cradle of Humankind,South Africa,Africa,915bis,,1999,http://www.wikidata.org/entity/Q23038977;http://www.wikidata.org/entity/Q23038980,,http://www.wikidata.org/entity/Q1130112,27.66244,-25.967231
Cueva de las Manos,Argentina,South America,936,,1999,http://www.wikidata.org/entity/Q23038977,,http://www.wikidata.org/entity/Q223385,-70.666666666,-47.15
Cultural Landscape of Kenozero Lake,Russia,Europe,1688,,2024,,,http://www.wikidata.org/entity/Q128597769,38.172611,61.928
Cultural Landscape of Old Tea Forests of the Jingmai Mountain in Pu’er,People's Republic of China,Asia,1665,,2013,http://www.wikidata.org/entity/Q23038977;http://www.wikidata.org/entity/Q23038978;http://www.wikidata.org/entity/Q23038979,,http://www.wikidata.org/entity/Q48928978,100.014545,22.201885
Cultural Landscape of Sintra,Portugal,Europe,723,,1995,http://www.wikidata.org/entity/Q23038976;http://www.wikidata.org/entity/Q23038978;http://www.wikidata.org/entity/Q23038979,,http://www.wikidata.org/entity/Q3848197,-9.433823,38.788388
Curonian Spit,Russia,Europe,994,,2000,http://www.wikidata.org/entity/Q23038979,,http://www.wikidata.org/entity/Q5595,20.970833333,55.274444444
Decorated Farmhouses of Hälsingland,Sweden,Europe,1282rev,,2012,http://www.wikidata.org/entity/Q23038979,,http://www.wikidata.org/entity/Q1642003,16.195833333,61.707222222
"Deer Stone Monuments, the Heart of Bronze Age Culture",Mongolia,Asia,1621,,2023,http://www.wikidata.org/entity/Q23038972;http://www.wikidata.org/entity/Q23038977,,http://www.wikidata.org/entity/Q66133349,101.225833333,47.742777777
Delos,Greece,Europe,530,,1990,http://www.wikidata.org/entity/Q23038976;http://www.wikidata.org/entity/Q23038977;http://www.wikidata.org/entity/Q23038978;http://www.wikidata.org/entity/Q23038980,,http://www.wikidata.org/entity/Q173148,25.27122,37.39121
Delville Wood South African National Memorial,France,Europe,,,2023,,,http://www.wikidata.org/entity/Q2374137,2.812678,50.024482
Derbent Mosque,Russia,Europe,,,,,,http://www.wikidata.org/entity/Q4116323,48.279722222,42.055277777
Dessau-Wörlitz Garden Realm,Germany,Europe,534,,2000,http://www.wikidata.org/entity/Q23038976;http://www.wikidata.org/entity/Q23038978,,http://www.wikidata.org/entity/Q157543,12.2814,51.8636
Dhal ni Pol,India,Asia,,,,,,http://www.wikidata.org/entity/Q134550841,72.590006,23.018162
Divriği Great Mosque and Hospital,Turkey,Asia,358,,1985,http://www.wikidata.org/entity/Q23038972;http://www.wikidata.org/entity/Q23038978,,http://www.wikidata.org/entity/Q581641,38.121583333,39.371222222
Dom Pedro V Theatre,People's Republic of China,Asia,1110,,,,https://www.wh.mo/theatre/pt/,http://www.wikidata.org/entity/Q3182054,113.53816,22.19195
Drottningholm Palace,Sweden,Europe,559-001,,1991,http://www.wikidata.org/entity/Q23038978,https://www.kungligaslotten.se/english/royal-palaces-and-sites/drottningholm-palace.html,http://www.wikidata.org/entity/Q208559,17.886383,59.321694
Drottningholm Palace Theatre,Sweden,Europe,559-002,,1991,http://www.wikidata.org/entity/Q23038978,http://www.dtm.se,http://www.wikidata.org/entity/Q3058143,17.885,59.32306667
Early Christian Necropolis of Pécs,Hungary,Europe,853,,2000,http://www.wikidata.org/entity/Q23038977;http://www.wikidata.org/entity/Q23038978,,http://www.wikidata.org/entity/Q927535,18.227777777,46.074444444
Euphrasian Basilica,Croatia,Europe,809,,1997,http://www.wikidata.org/entity/Q23038976;http://www.wikidata.org/entity/Q23038977;http://www.wikidata.org/entity/Q23038978,,http://www.wikidata.org/entity/Q645105,13.593611111,45.228611111
Evaporitic Karst and Caves of Northern Apennines,Italy,Europe,1692,,2023,http://www.wikidata.org/entity/Q23038983,,http://www.wikidata.org/entity/Q122730699,10.388916666,44.379944444
Faia,Portugal,Europe,866-003,,1998,,,http://www.wikidata.org/entity/Q64686789,-7.0853,40.9339
Faia - Vale Afonsinho,Portugal,Europe,866-004,,1998,,,http://www.wikidata.org/entity/Q64686790,-7.084323,40.934736
Fasil Ghebbi,Ethiopia,Africa,19,,1979,http://www.wikidata.org/entity/Q23038976;http://www.wikidata.org/entity/Q23038977,,http://www.wikidata.org/entity/Q464695,37.469722222,12.608055555
Ferapontov Monastery,Russia,Europe,982,,2000,http://www.wikidata.org/entity/Q23038972;http://www.wikidata.org/entity/Q23038978,http://ferapontov-monastyr.ru,http://www.wikidata.org/entity/Q838256,38.5675,59.956388888
Fonte Frieira,Portugal,Europe,866-005,,1998,,,http://www.wikidata.org/entity/Q64686791,-7.099338,41.068316
Fortaleza do Monte,People's Republic of China,Asia,1110,,,,,http://www.wikidata.org/entity/Q838085,113.542222222,22.196944444
Fujian Tulou sites,People's Republic of China,Asia,1113,,2008,http://www.wikidata.org/entity/Q23038977;http://www.wikidata.org/entity/Q23038978;http://www.wikidata.org/entity/Q23038979,,http://www.wikidata.org/entity/Q718001,116.975,24.6587
Galápagos Islands,Ecuador,South America,1bis,,1978,http://www.wikidata.org/entity/Q23038981;http://www.wikidata.org/entity/Q23038983;http://www.wikidata.org/entity/Q23038985;http://www.wikidata.org/entity/Q23038986,,http://www.wikidata.org/entity/Q117188122,-90.361243,-0.622977
Gammelstad Church Town,Sweden,Europe,762,,1996,http://www.wikidata.org/entity/Q23038976;http://www.wikidata.org/entity/Q23038978;http://www.wikidata.org/entity/Q23038979,https://www.lulea.se/engelsk/gammelstadchurchtown.4.28facf8a1537caf5e88111c3.html,http://www.wikidata.org/entity/Q1756286,22.02861,65.64611
Gardens by Burle Marx,Brazil,South America,,,1987,,,http://www.wikidata.org/entity/Q97626864,-47.905869353,-15.815326741
Garrison Border Town of Elvas and its Fortifications,Portugal,Europe,1367bis,,2012,http://www.wikidata.org/entity/Q23038978,,http://www.wikidata.org/entity/Q5524023,-7.16333333,38.88055556
Gaya Tumuli,South Korea,Asia,1666,,2023,http://www.wikidata.org/entity/Q23038977,,http://www.wikidata.org/entity/Q66201394,128.873725,35.237263888
"Gochang, Hwasun and Ganghwa Dolmen Sites",South Korea,Asia,977,,2000,http://www.wikidata.org/entity/Q23038977,,http://www.wikidata.org/entity/Q495286,126.92917,34.96667
Golden Mountains of Altai,Russia,Europe,768rev,,1998,http://www.wikidata.org/entity/Q23038986,,http://www.wikidata.org/entity/Q155495,86.0,50.466666666
Golestan Palace,Iran,Asia,1422,,2013,http://www.wikidata.org/entity/Q23038976;http://www.wikidata.org/entity/Q23038977;http://www.wikidata.org/entity/Q23038978,https://golestanpalace.ir,http://www.wikidata.org/entity/Q210610,51.420277777,35.679722222
Gonbad-e Qabus,Iran,Asia,1398,,2012,http://www.wikidata.org/entity/Q23038972;http://www.wikidata.org/entity/Q23038976;http://www.wikidata.org/entity/Q23038977;http://www.wikidata.org/entity/Q23038978,,http://www.wikidata.org/entity/Q606763,55.168991133,37.258121354
Gondwana Rainforests of Australia,Australia,Oceania,368bis,,1986,http://www.wikidata.org/entity/Q23038983;http://www.wikidata.org/entity/Q23038985;http://www.wikidata.org/entity/Q23038986,,http://www.wikidata.org/entity/Q643063,149.6,-29.6
Gorée,Senegal,Africa,26,,1978,http://www.wikidata.org/entity/Q23038980,https://www.iledegoree.org/,http://www.wikidata.org/entity/Q244347,-17.398333333,14.666944444
Great Living Chola Temples,India,Asia,250bis,,1987,http://www.wikidata.org/entity/Q23038976;http://www.wikidata.org/entity/Q23038977,https://asi.nic.in/chola-temple-brhadisvara/,http://www.wikidata.org/entity/Q695229,79.1325,10.783055555
Grimeton VLF transmitter,Sweden,Europe,1134,,2004,http://www.wikidata.org/entity/Q23038976;http://www.wikidata.org/entity/Q23038978,http://www.alexander.n.se,http://www.wikidata.org/entity/Q920206,12.404417,57.113983
Gyeongju Historic Areas,South Korea,Asia,976,,2000,http://www.wikidata.org/entity/Q23038976;http://www.wikidata.org/entity/Q23038977,,http://www.wikidata.org/entity/Q495241,129.22666667,35.78888889
Heard Island and McDonald Islands,Australia,Oceania,577rev,1833,1997,http://www.wikidata.org/entity/Q23038983;http://www.wikidata.org/entity/Q23038985,https://www.antarctica.gov.au/antarctic-operations/stations/other-locations/heard-island/,http://www.wikidata.org/entity/Q131198,73.517,-53.093527777
Heritage district of Yazd,Iran,Asia,1544,,2017,http://www.wikidata.org/entity/Q23038977;http://www.wikidata.org/entity/Q23038979,,http://www.wikidata.org/entity/Q32979655,54.369583333,31.900555555
"Hiraizumi – Temples, Gardens and Archaeological Sites Representing the Buddhist Pure Land",Japan,Asia,1277rev,,2011,http://www.wikidata.org/entity/Q23038976;http://www.wikidata.org/entity/Q23038980,https://www.sekaiisan.pref.iwate.jp/,http://www.wikidata.org/entity/Q2896261,141.11027778,38.98861111
Hiroshima Peace Memorial,Japan,Asia,775,,1996,http://www.wikidata.org/entity/Q23038980,,http://www.wikidata.org/entity/Q231140,132.453611111,34.395555555
Historic Center of Sucre,Bolivia,South America,,,1991,http://www.wikidata.org/entity/Q23038978,,http://www.wikidata.org/entity/Q135448360,-65.259626,-19.047929
Historic Centre of Arequipa,Peru,South America,1016,,2000,http://www.wikidata.org/entity/Q23038972;http://www.wikidata.org/entity/Q23038978,,http://www.wikidata.org/entity/Q8343756,-71.533333333,-16.4
Historic Centre of Brugge,Belgium,Europe,996,,2000,http://www.wikidata.org/entity/Q23038976;http://www.wikidata.org/entity/Q23038978;http://www.wikidata.org/entity/Q23038980,,http://www.wikidata.org/entity/Q5762117,3.22527,51.20891
Historic centre of Cusco,Peru,South America,,,,,,http://www.wikidata.org/entity/Q28502997,-71.978056,-13.518333
Historic Centre of Guimarães and Couros Zone,Portugal,Europe,1031,,2001,http://www.wikidata.org/entity/Q23038976;http://www.wikidata.org/entity/Q23038977;http://www.wikidata.org/entity/Q23038978,,http://www.wikidata.org/entity/Q2945649,-8.290838,41.445157
Historic Centre of Macau,People's Republic of China,Asia,1110,,2005,http://www.wikidata.org/entity/Q23038976;http://www.wikidata.org/entity/Q23038977;http://www.wikidata.org/entity/Q23038978;http://www.wikidata.org/entity/Q23038980,http://www.wh.mo/pt/,http://www.wikidata.org/entity/Q2601433,113.536,22.191
Historic Centre of Mexico City and Xochimilco,Mexico,North America,412,,1987,http://www.wikidata.org/entity/Q23038976;http://www.wikidata.org/entity/Q23038977;http://www.wikidata.org/entity/Q23038978;http://www.wikidata.org/entity/Q23038979,,http://www.wikidata.org/entity/Q15924695,-99.13278,19.41833
Historic Centre of Porto,Portugal,Europe,755,,1996,http://www.wikidata.org/entity/Q23038978,,http://www.wikidata.org/entity/Q3848157,-8.612974,41.143191
Historic Centre of Saint Petersburg and Related Groups of Monuments,Soviet Union,Asia,540bis,,1990,http://www.wikidata.org/entity/Q23038972;http://www.wikidata.org/entity/Q23038976;http://www.wikidata.org/entity/Q23038978;http://www.wikidata.org/entity/Q23038980,,http://www.wikidata.org/entity/Q616578,30.315555555,59.938888888
Historic Centre of Salvador da Bahia,Brazil,South America,309,,1985,http://www.wikidata.org/entity/Q23038978;http://www.wikidata.org/entity/Q23038980,,http://www.wikidata.org/entity/Q5572706,-38.5,-12.9667
Historic Centre of São Luís,Brazil,South America,821,,1997,http://www.wikidata.org/entity/Q23038977;http://www.wikidata.org/entity/Q23038978;http://www.wikidata.org/entity/Q23038979,,http://www.wikidata.org/entity/Q8343768,-44.305795125,-2.52773314
Historic Centre of the Town of Diamantina,Brazil,South America,890,,1999,http://www.wikidata.org/entity/Q23038976;http://www.wikidata.org/entity/Q23038978,,http://www.wikidata.org/entity/Q8343760,-43.6,-18.23333333
Historic Centre of the Town of Goiás,Brazil,South America,993,,2001,http://www.wikidata.org/entity/Q23038976;http://www.wikidata.org/entity/Q23038978,,http://www.wikidata.org/entity/Q8343761,-50.13336,-15.93328
Historic Centre of the Town of Olinda,Brazil,South America,189,,1982,http://www.wikidata.org/entity/Q23038976;http://www.wikidata.org/entity/Q23038978,,http://www.wikidata.org/entity/Q8343764,-34.845,-8.01333333
Historic City of Ahmadabad,India,Asia,1551,,2017,http://www.wikidata.org/entity/Q23038976;http://www.wikidata.org/entity/Q23038979,http://heritage.ahmedabadcity.gov.in/,http://www.wikidata.org/entity/Q5472448,72.5875,23.0256
Historic City of Ayutthaya,Thailand,Asia,,,1991,http://www.wikidata.org/entity/Q23038977,,http://www.wikidata.org/entity/Q111905239,100.560555555,14.347777777
Historic City of Toledo,Spain,Europe,379,,1986,http://www.wikidata.org/entity/Q23038972;http://www.wikidata.org/entity/Q23038976;http://www.wikidata.org/entity/Q23038977;http://www.wikidata.org/entity/Q23038978,,http://www.wikidata.org/entity/Q17255635,-4.024613,39.856901
Historic Monuments of Ancient Kyoto,Japan,Asia,688,,1994,http://www.wikidata.org/entity/Q23038976;http://www.wikidata.org/entity/Q23038978,,http://www.wikidata.org/entity/Q874027,135.752778,35.060278
Historic Monuments of Dengfeng in “The Centre of Heaven and Earth”,People's Republic of China,Asia,1305rev,,2010,http://www.wikidata.org/entity/Q23038977;http://www.wikidata.org/entity/Q23038980,,http://www.wikidata.org/entity/Q5934942,113.0677194,34.45874722
Historic Monuments of Novgorod and Surroundings,Russia,Europe,604,,1992,http://www.wikidata.org/entity/Q23038976;http://www.wikidata.org/entity/Q23038978;http://www.wikidata.org/entity/Q23038980,,http://www.wikidata.org/entity/Q1218832,31.28555556,58.51833333
Historic Town of Ouro Preto,Brazil,South America,124,,1980,http://www.wikidata.org/entity/Q23038972;http://www.wikidata.org/entity/Q23038977,,http://www.wikidata.org/entity/Q3845692,-43.503639899,-20.385773366
Historical center of Paraty,Brazil,South America,1308rev-005,,,,,http://www.wikidata.org/entity/Q56641300,-44.713055,-23.218019
historical centre of Yaroslavl,Russia,Europe,1170,,2005,http://www.wikidata.org/entity/Q23038976;http://www.wikidata.org/entity/Q23038978,,http://www.wikidata.org/entity/Q4204534,39.8875,57.623611
Honghe Hani Rice Terraces,People's Republic of China,Asia,1111,,2013,http://www.wikidata.org/entity/Q23038977;http://www.wikidata.org/entity/Q23038979,,http://www.wikidata.org/entity/Q11605230,102.7377,23.117187
"Human Rights, Liberation and Reconciliation: Nelson Mandela Legacy Sites",South Africa,Africa,1676,,2024,http://www.wikidata.org/entity/Q23038980,,http://www.wikidata.org/entity/Q65936861,28.211880555,-25.740661111
Hwaseong Fortress,South Korea,Asia,817,,1997,http://www.wikidata.org/entity/Q23038976;http://www.wikidata.org/entity/Q23038977,https://www.swcf.or.kr/english/,http://www.wikidata.org/entity/Q482423,127.010202777,37.280733333
Hypogeum of Ħal Saflieni,Malta,Europe,130,,1980,http://www.wikidata.org/entity/Q23038977,https://heritagemalta.org/hal-saflieni-hypogeum/,http://www.wikidata.org/entity/Q755514,14.506883333,35.869558333
Iate Tênis Clube,Brazil,South America,,,1997,,,http://www.wikidata.org/entity/Q29470059,-43.97569,-19.85417
Igreja da Sé,People's Republic of China,Asia,1110,,,,,http://www.wikidata.org/entity/Q1106554,113.54166667,22.19361111
Iguaçu National Park,Brazil,South America,355,,1986,http://www.wikidata.org/entity/Q23038981;http://www.wikidata.org/entity/Q23038986,http://www.cataratasdoiguacu.com.br/,http://www.wikidata.org/entity/Q742315,-53.8,-25.5
Incense Route – Desert Cities in the Negev,Israel,Asia,1107rev,,2005,http://www.wikidata.org/entity/Q23038977;http://www.wikidata.org/entity/Q23038979,,http://www.wikidata.org/entity/Q477578,34.657777777,31.0975
Independence Hall,United States,North America,78,,1979,http://www.wikidata.org/entity/Q23038980,https://www.nps.gov/inde/planyourvisit/independencehall.htm,http://www.wikidata.org/entity/Q390028,-75.15,39.948888888
Iwan-e Mosaic,Iran,Asia,,,2018,http://www.wikidata.org/entity/Q23038976;http://www.wikidata.org/entity/Q23038977;http://www.wikidata.org/entity/Q23038980,,http://www.wikidata.org/entity/Q5680019,51.5764556,29.7800445
Jameh Mosque of Isfahan,Iran,Asia,1397,,2012,http://www.wikidata.org/entity/Q23038976,https://isfahanjamehmosque.com/,http://www.wikidata.org/entity/Q1256501,51.685277777,32.669722222
Jeju Volcanic Island and Lava Tubes,South Korea,Asia,1264bis,,2007,http://www.wikidata.org/entity/Q23038981;http://www.wikidata.org/entity/Q23038983,,http://www.wikidata.org/entity/Q495733,126.5325,33.36138889
Jerónimos Monastery,Portugal,Europe,263bis-001,,,http://www.wikidata.org/entity/Q23038977;http://www.wikidata.org/entity/Q23038980,http://www.mosteirojeronimos.pt,http://www.wikidata.org/entity/Q272781,-9.205601,38.697846
Jesuit missions among the Guaraní,Argentina,South America,275bis,,1983,http://www.wikidata.org/entity/Q23038978,,http://www.wikidata.org/entity/Q465960,-55.531669444,-27.255280555
"Jesus, Mary and Joseph's Church",Peru,South America,,,,,,http://www.wikidata.org/entity/Q42827777,-71.978062,-13.516041
Jōmon Prehistoric Sites in Northern Japan,Japan,Asia,1632,,2021,http://www.wikidata.org/entity/Q23038977;http://www.wikidata.org/entity/Q23038979,https://jomon-japan.jp/,http://www.wikidata.org/entity/Q11402500,140.552216666,41.065555555
K'gari,Australia,Oceania,630,,1992,http://www.wikidata.org/entity/Q23038981;http://www.wikidata.org/entity/Q23038983;http://www.wikidata.org/entity/Q23038985,https://parks.des.qld.gov.au/parks/kgari-fraser,http://www.wikidata.org/entity/Q134905,153.15,-25.24
Kaiping Diaolou and Villages,People's Republic of China,Asia,1112,,2007,http://www.wikidata.org/entity/Q23038976;http://www.wikidata.org/entity/Q23038977;http://www.wikidata.org/entity/Q23038978,,http://www.wikidata.org/entity/Q16303641,112.520782,22.261814
Kakadu National Park,Australia,Oceania,147quater-001,,,,http://www.environment.gov.au/topics/national-parks/kakadu-national-park,http://www.wikidata.org/entity/Q189657,132.519512,-13.005471
Kapova Cave,Russia,Europe,1743,1950,2025,http://www.wikidata.org/entity/Q23038977,http://www.shulgan-tash.ru/cave-shulgan-tash-kapova/,http://www.wikidata.org/entity/Q1643788,57.063888888,53.044444444
Kizhi Pogost,Russia,Europe,544,,1990,http://www.wikidata.org/entity/Q23038972;http://www.wikidata.org/entity/Q23038978;http://www.wikidata.org/entity/Q23038979,,http://www.wikidata.org/entity/Q477462,35.22345,62.06767
Kremlin and Red Square,Russia,Europe,545,,1990,http://www.wikidata.org/entity/Q23038972;http://www.wikidata.org/entity/Q23038976;http://www.wikidata.org/entity/Q23038978;http://www.wikidata.org/entity/Q23038980,,http://www.wikidata.org/entity/Q16961872,37.62,55.75361111
Kremlin of Suzdal and Cathedral of the Nativity,Russia,Europe,633-006,,,http://www.wikidata.org/entity/Q23038972;http://www.wikidata.org/entity/Q23038976;http://www.wikidata.org/entity/Q23038978,,http://www.wikidata.org/entity/Q116505071,40.433333333,56.416666666
Lake Baikal,Russia,Europe,754,,1996,http://www.wikidata.org/entity/Q23038981;http://www.wikidata.org/entity/Q23038983;http://www.wikidata.org/entity/Q23038985;http://www.wikidata.org/entity/Q23038986,,http://www.wikidata.org/entity/Q5513,108.00472222,53.30277778
Landmarks of the Ancient Kingdom of Saba,Yemen,Asia,1700,,2023,http://www.wikidata.org/entity/Q23038977;http://www.wikidata.org/entity/Q23038978,,http://www.wikidata.org/entity/Q116943542,45.335227777,15.426769444
Landscape of the Pico Island Vineyard Culture,Portugal,Europe,1117rev,,2004,http://www.wikidata.org/entity/Q23038977;http://www.wikidata.org/entity/Q23038978,,http://www.wikidata.org/entity/Q2448665,-28.54111111,38.51333333
Landscapes of Dauria,Mongolia,Asia,1448,,2017,http://www.wikidata.org/entity/Q23038985;http://www.wikidata.org/entity/Q23038986,,http://www.wikidata.org/entity/Q64787456,115.42544,49.93022
Laurisilva of Madeira,Portugal,Europe,934,,1999,http://www.wikidata.org/entity/Q23038985;http://www.wikidata.org/entity/Q23038986,,http://www.wikidata.org/entity/Q11257230,-17.0,32.76666667
Leal Senado Building,People's Republic of China,Asia,1110,,,,,http://www.wikidata.org/entity/Q3181816,113.53944444,22.19333333
Lednice-Valtice Cultural Landscape,Czech Republic,Europe,763,,1996,http://www.wikidata.org/entity/Q23038972;http://www.wikidata.org/entity/Q23038976;http://www.wikidata.org/entity/Q23038978,,http://www.wikidata.org/entity/Q735278,16.775,48.7758
Lena Pillars,Russia,Europe,1299bis,,2012,http://www.wikidata.org/entity/Q23038983,,http://www.wikidata.org/entity/Q277683,127.361666666,61.106944444
Lençóis Maranhenses National Park,Brazil,South America,1611,,2024,http://www.wikidata.org/entity/Q23038981;http://www.wikidata.org/entity/Q23038983;http://www.wikidata.org/entity/Q23038986,http://parquelencois.com.br/,http://www.wikidata.org/entity/Q647777,-43.128333333,-2.485833333
Liberty Island,United States,North America,307,,1984,http://www.wikidata.org/entity/Q23038972;http://www.wikidata.org/entity/Q23038980,,http://www.wikidata.org/entity/Q319821,-74.045,40.69
"Lichfield Crater, Thelus",France,Europe,,,2023,,,http://www.wikidata.org/entity/Q4681068,2.77658,50.359713
Limes Dacicus,Romania,Europe,1718,,2024,http://www.wikidata.org/entity/Q23038976;http://www.wikidata.org/entity/Q23038977;http://www.wikidata.org/entity/Q23038978,,http://www.wikidata.org/entity/Q14752597,23.159411,47.180789
Limeskastell Pohl,Germany,Europe,,,2005,,https://www.limeskastell-pohl.de/,http://www.wikidata.org/entity/Q1681300,7.865916666,50.251944444
Loos Memorial,France,Europe,,,2023,,,http://www.wikidata.org/entity/Q2478266,2.77177,50.460853
Lord Howe Island Group,Australia,Oceania,186,,1982,http://www.wikidata.org/entity/Q23038981;http://www.wikidata.org/entity/Q23038986,,http://www.wikidata.org/entity/Q1869866,159.079723,-31.556175
Los Trepadores rock shelter,Spain,Europe,,,,,,http://www.wikidata.org/entity/Q131752552,-0.682777777,41.016944444
Macau Protestant Chapel,People's Republic of China,Asia,1110,,,,https://www.MorrisonChapel.com,http://www.wikidata.org/entity/Q46074,113.53991,22.19975
Maidam,India,Asia,1711,,2024,http://www.wikidata.org/entity/Q23038979,,http://www.wikidata.org/entity/Q6735332,94.8792,26.9431
Major Town Houses of the Architect Victor Horta,Belgium,Europe,1005,,2000,http://www.wikidata.org/entity/Q23038972;http://www.wikidata.org/entity/Q23038976;http://www.wikidata.org/entity/Q23038978,,http://www.wikidata.org/entity/Q1426014,4.35,50.81666667
Malbork Castle,Poland,Europe,847,,1997,http://www.wikidata.org/entity/Q23038976;http://www.wikidata.org/entity/Q23038977;http://www.wikidata.org/entity/Q23038978,https://zamek.malbork.pl/en,http://www.wikidata.org/entity/Q71279,19.027777777,54.039722222
Maloti-Drakensberg Park,Lesotho,Africa,985bis,,2000,http://www.wikidata.org/entity/Q23038972;http://www.wikidata.org/entity/Q23038977;http://www.wikidata.org/entity/Q23038981;http://www.wikidata.org/entity/Q23038986,,http://www.wikidata.org/entity/Q6744547,29.3939,-29.4665
Mantua and Sabbioneta,Italy,Europe,1287,,2008,http://www.wikidata.org/entity/Q23038976;http://www.wikidata.org/entity/Q23038977,,http://www.wikidata.org/entity/Q15623665,10.79444444,45.15944444
Marceau-Denkmal,Germany,Europe,,,2002,,,http://www.wikidata.org/entity/Q1614027,7.592,50.3737
Masada,Israel,Asia,1040,,2001,http://www.wikidata.org/entity/Q23038977;http://www.wikidata.org/entity/Q23038978;http://www.wikidata.org/entity/Q23038980,,http://www.wikidata.org/entity/Q186312,35.353888888,31.315555555
Maymand,Iran,Asia,1423rev,,2015,http://www.wikidata.org/entity/Q23038979,,http://www.wikidata.org/entity/Q1013465,55.375555555,30.168055555
Mazagan,Morocco,Africa,1058rev,,2004,http://www.wikidata.org/entity/Q23038976;http://www.wikidata.org/entity/Q23038978,,http://www.wikidata.org/entity/Q555360,-8.502475,33.25656111
Medieval City of Rhodes,Greece,Europe,493,,1988,http://www.wikidata.org/entity/Q23038976;http://www.wikidata.org/entity/Q23038978;http://www.wikidata.org/entity/Q23038979,,http://www.wikidata.org/entity/Q876685,28.226937,36.443058
Meijapão,Portugal,Europe,866-006,,1998,,,http://www.wikidata.org/entity/Q64686793,-7.099352,41.052198
Mengening Temple,Indonesia,Asia,1194,,2012,http://www.wikidata.org/entity/Q23038976;http://www.wikidata.org/entity/Q23038977;http://www.wikidata.org/entity/Q23038979;http://www.wikidata.org/entity/Q23038980,,http://www.wikidata.org/entity/Q66582204,115.31202518,-8.420021687
Menin Gate,Belgium,Europe,,,2023,,,http://www.wikidata.org/entity/Q1822397,2.891070409,50.852053275
Monasteries on the slopes of Popocatépetl,Mexico,North America,702,,1994,http://www.wikidata.org/entity/Q23038976;http://www.wikidata.org/entity/Q23038978,,http://www.wikidata.org/entity/Q1141009,-98.89778,18.93472
Mont-Saint-Michel and its Bay,France,Europe,80ter,,1979,http://www.wikidata.org/entity/Q23038972;http://www.wikidata.org/entity/Q23038977;http://www.wikidata.org/entity/Q23038980,,http://www.wikidata.org/entity/Q17117964,-1.51056,48.63556
Mount Athos,Greece,Europe,454,,1988,http://www.wikidata.org/entity/Q23038972;http://www.wikidata.org/entity/Q23038976;http://www.wikidata.org/entity/Q23038978;http://www.wikidata.org/entity/Q23038979;http://www.wikidata.org/entity/Q23038980;http://www.wikidata.org/entity/Q23038981,,http://www.wikidata.org/entity/Q136100444,24.327222222,40.158333333
Mozu-Furuichi Kofun Group: Mounded Tombs of Ancient Japan,Japan,Asia,1593,,2019,http://www.wikidata.org/entity/Q23038977;http://www.wikidata.org/entity/Q23038978,https://www.mozu-furuichi.jp/,http://www.wikidata.org/entity/Q55524104,135.6094,34.5622
Museu Historico de Sergipe,Brazil,South America,,,,,,http://www.wikidata.org/entity/Q56200323,-37.2054064,-11.0142196
Museum of Sacred Art,Brazil,South America,,,,,http://www.museus.gov.br/os-museus/museus-ibram/,http://www.wikidata.org/entity/Q56694099,-50.139734745,-15.934899764
Museum of the Bamoun Kings,Cameroon,Africa,,,,,,http://www.wikidata.org/entity/Q125208063,10.901576734,5.732688873
Mushroom Square,Brazil,South America,,,1987,,,http://www.wikidata.org/entity/Q116089398,-47.905288888,-15.814833055
Nahal Me'arot Nature Reserve,Israel,Asia,1393,,2012,http://www.wikidata.org/entity/Q23038977;http://www.wikidata.org/entity/Q23038979,,http://www.wikidata.org/entity/Q1443478,34.96527778,32.67
Namib Sand Sea,Namibia,Africa,1430,,2013,http://www.wikidata.org/entity/Q23038981;http://www.wikidata.org/entity/Q23038983;http://www.wikidata.org/entity/Q23038985;http://www.wikidata.org/entity/Q23038986,,http://www.wikidata.org/entity/Q65241628,15.407777777,-24.885277777
Naqsh-e Jahan Square,Iran,Asia,115,,1979,http://www.wikidata.org/entity/Q23038972;http://www.wikidata.org/entity/Q23038979;http://www.wikidata.org/entity/Q23038980,,http://www.wikidata.org/entity/Q4519,51.677333333,32.658222222
neighborhood unit 107/307 and 108/308 South,Brazil,South America,,,1987,,,http://www.wikidata.org/entity/Q97626914,-47.904185,-15.814971
Neolithic flint mines of Spiennes,Belgium,Europe,1006,,2000,http://www.wikidata.org/entity/Q23038972;http://www.wikidata.org/entity/Q23038977;http://www.wikidata.org/entity/Q23038978,http://www.minesdespiennes.org,http://www.wikidata.org/entity/Q677879,3.982575,50.419988888
Neuve-Chapelle Indian Memorial,France,Europe,,,2023,,,http://www.wikidata.org/entity/Q2917267,2.77513,50.575103
Niah National Park,Malaysia,Asia,1014,1950,2024,http://www.wikidata.org/entity/Q23038977;http://www.wikidata.org/entity/Q23038979,https://niahnationalpark.my/,http://www.wikidata.org/entity/Q1984562,113.781389,3.813889
Nieuport Memorial,Belgium,Europe,,,2023,,,http://www.wikidata.org/entity/Q13528892,2.75563,51.13696
Ningaloo Reef,Australia,Oceania,1369,,2011,http://www.wikidata.org/entity/Q23038981;http://www.wikidata.org/entity/Q23038986,,http://www.wikidata.org/entity/Q1541665,113.628,-22.739
Novodevichy Convent,Russia,Europe,1097,,2004,http://www.wikidata.org/entity/Q23038972;http://www.wikidata.org/entity/Q23038978;http://www.wikidata.org/entity/Q23038980,https://novodev.msk.ru/,http://www.wikidata.org/entity/Q270725,37.556583333,55.725972222
Noyelles-sur-Mer Chinese Memorial,France,Europe,,,2023,,,http://www.wikidata.org/entity/Q2566225,1.722666,50.186076
Núcleo Arqueológico de Habitat Paleolítico do Salto do Boi/Cardina,Portugal,Europe,866-013,,1998,,,http://www.wikidata.org/entity/Q66814065,-7.099282,40.980523
Núcleo de arte rupestre da Canada da Moreira,Portugal,Europe,,,1998,,,http://www.wikidata.org/entity/Q66814089,-7.065543,41.025271
Núcleo de arte rupestre da Canada do Amendoal,Portugal,Europe,,,1998,,,http://www.wikidata.org/entity/Q66814095,-7.099086,41.077983
Núcleo de arte rupestre da Foz do Côa,Portugal,Europe,,,1998,,,http://www.wikidata.org/entity/Q66814092,-7.101563,41.085251
Núcleo de arte rupestre da Vermelhosa,Portugal,Europe,,,1998,,,http://www.wikidata.org/entity/Q66814091,-7.100152,41.084158
Núcleo de arte rupestre de Vale de Cabrões,Portugal,Europe,,,1998,,,http://www.wikidata.org/entity/Q66814090,-7.115415,41.09398
Núcleo de arte rupestre de Vale do Forno,Portugal,Europe,,,1998,,,http://www.wikidata.org/entity/Q66814096,-7.109308,41.073183
Núcleo de arte rupestre do Alto da Bulha,Portugal,Europe,,,1998,,,http://www.wikidata.org/entity/Q66814094,-7.107048,41.005184
Núcleo de arte rupestre do Vale de José Esteves,Portugal,Europe,,,1998,,,http://www.wikidata.org/entity/Q66814093,-7.11731,41.031437
Old City of Bern,Switzerland,Europe,267,,1983,http://www.wikidata.org/entity/Q23038977,https://weltkulturerbebern.ch,http://www.wikidata.org/entity/Q687973,7.450277777,46.948055555
Old City of Jerusalem and its Walls,Israel,Asia,148rev,,1981,http://www.wikidata.org/entity/Q23038976;http://www.wikidata.org/entity/Q23038977;http://www.wikidata.org/entity/Q23038980,,http://www.wikidata.org/entity/Q15726304,35.23191,31.778214
Old Protestant Cemetery,People's Republic of China,Asia,1110,,,,,http://www.wikidata.org/entity/Q3504601,113.54019722,22.19989722
Old Protestant Chapel and Cemetery (Macau),People's Republic of China,Asia,1110,,,,,http://www.wikidata.org/entity/Q9696155,113.540197222,22.199897222
Old town of Corfu,Greece,Europe,978,,2007,http://www.wikidata.org/entity/Q23038978,,http://www.wikidata.org/entity/Q38283757,19.92193,39.624658
old town of Cáceres,Spain,Europe,384,,1986,http://www.wikidata.org/entity/Q23038977;http://www.wikidata.org/entity/Q23038978,,http://www.wikidata.org/entity/Q9757828,-6.37,39.47416667
Old Town of Galle and its Fortifications,Portuguese Empire,Europe,451,,1988,http://www.wikidata.org/entity/Q23038978,,http://www.wikidata.org/entity/Q15830652,80.21861111,6.021388889
Old Towns of Djenné,Mali,Africa,116rev,,1988,http://www.wikidata.org/entity/Q23038977;http://www.wikidata.org/entity/Q23038978,,http://www.wikidata.org/entity/Q15278644,-4.555,13.90639
Osun-Osogbo Grove,Nigeria,Africa,1118,,2005,http://www.wikidata.org/entity/Q23038976;http://www.wikidata.org/entity/Q23038977;http://www.wikidata.org/entity/Q23038980,,http://www.wikidata.org/entity/Q621498,4.552222222,7.755555555
Our Lady of Promise,Serbia,Europe,724-003bis,,2004,http://www.wikidata.org/entity/Q23038976;http://www.wikidata.org/entity/Q23038977;http://www.wikidata.org/entity/Q23038978,,http://www.wikidata.org/entity/Q890652,20.735833333,42.211388888
Palace of Mafra,Portugal,Europe,,,2019,http://www.wikidata.org/entity/Q23038978,http://www.palaciomafra.pt,http://www.wikidata.org/entity/Q599223,-9.326395,38.936922
Pampulha art museum,Brazil,South America,,,1997,,http://belohorizonte.mg.gov.br/local/atrativos-turisticos/culturais-lazer/museu-de-arte-da-pampulha,http://www.wikidata.org/entity/Q3890034,-43.973722222,-19.851833333
Pampulha Modern Ensemble,Brazil,South America,1493,,2016,http://www.wikidata.org/entity/Q23038972;http://www.wikidata.org/entity/Q23038976;http://www.wikidata.org/entity/Q23038978,,http://www.wikidata.org/entity/Q9850285,-43.973611111,-19.851944444
Paphos,Cyprus,Europe,79,,1980,http://www.wikidata.org/entity/Q23038977;http://www.wikidata.org/entity/Q23038980,,http://www.wikidata.org/entity/Q64433741,32.40556,34.75833
Pasargadae,Iran,Asia,1106,,2004,http://www.wikidata.org/entity/Q23038972;http://www.wikidata.org/entity/Q23038976;http://www.wikidata.org/entity/Q23038977;http://www.wikidata.org/entity/Q23038978,,http://www.wikidata.org/entity/Q230025,53.179444444,30.2
Penascosa,Portugal,Europe,866-007,,1998,,,http://www.wikidata.org/entity/Q64686794,-7.099904,40.986382
Persepolis,Iran,Asia,114,1621,1979,http://www.wikidata.org/entity/Q23038972;http://www.wikidata.org/entity/Q23038977;http://www.wikidata.org/entity/Q23038980,https://persepolis.ir,http://www.wikidata.org/entity/Q129072,52.89,29.935
Persian Qanat,Iran,Asia,1506,,2016,http://www.wikidata.org/entity/Q23038977;http://www.wikidata.org/entity/Q23038978,,http://www.wikidata.org/entity/Q25998008,58.654444444,34.29
Petroglyphs of Lake Onega and the White Sea,Russia,Europe,1654,,2021,http://www.wikidata.org/entity/Q23038977,,http://www.wikidata.org/entity/Q64808630,36.012639,61.7299
Pilot Plan of Brasília,Brazil,South America,445,,1987,http://www.wikidata.org/entity/Q23038972;http://www.wikidata.org/entity/Q23038978,,http://www.wikidata.org/entity/Q3391360,-47.882777777,-15.793888888
Pimachiowin Aki,Canada,North America,1415rev,,2018,http://www.wikidata.org/entity/Q23038977;http://www.wikidata.org/entity/Q23038980;http://www.wikidata.org/entity/Q23038985,,http://www.wikidata.org/entity/Q7194595,-95.0,51.0
Ploegsteert Memorial to the Missing,Belgium,Europe,,,2023,,,http://www.wikidata.org/entity/Q2872987,2.88208,50.73767
porticoes of Bologna,Italy,Europe,1650,,2021,http://www.wikidata.org/entity/Q23038978,,http://www.wikidata.org/entity/Q3909051,11.332777777,44.491388888
Pozieres Memorial,France,Europe,,,2023,,,http://www.wikidata.org/entity/Q3059864,2.714829,50.034499
Prambanan Temple,Indonesia,Asia,642,,1991,http://www.wikidata.org/entity/Q23038972;http://www.wikidata.org/entity/Q23038978,http://www.borobudurpark.com/prambanan.php,http://www.wikidata.org/entity/Q47721,110.49122,-7.752
Prehistoric Rock Art Sites in the Côa Valley,Portugal,Europe,866,,1998,http://www.wikidata.org/entity/Q23038972;http://www.wikidata.org/entity/Q23038977,http://www.arte-coa.pt/,http://www.wikidata.org/entity/Q552106,-7.11666667,41.03333333
Prehistoric Sites and Decorated Caves of the Vézère Valley,France,Europe,85,,1979,http://www.wikidata.org/entity/Q23038972;http://www.wikidata.org/entity/Q23038977,,http://www.wikidata.org/entity/Q463159,1.17,45.0575
Prehistoric Sites of the Khorramabad Valley,Iran,Asia,1744,,,http://www.wikidata.org/entity/Q23038977,,http://www.wikidata.org/entity/Q135274656,48.345555555,33.492222222
Purnululu National Park,Australia,Oceania,1094,,2003,http://www.wikidata.org/entity/Q23038981;http://www.wikidata.org/entity/Q23038983,http://parks.dpaw.wa.gov.au/park/purnululu,http://www.wikidata.org/entity/Q679568,128.546055,-17.448789
Putorana Plateau,Russia,Europe,1234,,2010,http://www.wikidata.org/entity/Q23038981;http://www.wikidata.org/entity/Q23038985,http://www.plato-putoran.by.ru,http://www.wikidata.org/entity/Q277576,93.0,69.0
Q111922007,Brazil,South America,,,1987,,,http://www.wikidata.org/entity/Q111922007,-47.905209,-15.813693
Q116089756,Brazil,South America,,,1987,,,http://www.wikidata.org/entity/Q116089756,-47.906157141,-15.814425036
Q131764534,Spain,Europe,,,,,,http://www.wikidata.org/entity/Q131764534,-1.400555555,40.394722222
Q18405795,Russia,Europe,1070,,,,,http://www.wikidata.org/entity/Q18405795,48.295833333,42.069166666
Q97626839,Brazil,South America,,,1987,,,http://www.wikidata.org/entity/Q97626839,-47.904871,-15.812742
Qal’at al Bahrain,Bahrain,Asia,1192ter,,2005,http://www.wikidata.org/entity/Q23038976;http://www.wikidata.org/entity/Q23038977;http://www.wikidata.org/entity/Q23038978,,http://www.wikidata.org/entity/Q740104,50.520555555,26.233611111
Qazan Kremlin,Russia,Europe,980,,2000,http://www.wikidata.org/entity/Q23038976;http://www.wikidata.org/entity/Q23038977;http://www.wikidata.org/entity/Q23038978,,http://www.wikidata.org/entity/Q603622,49.10724,55.797442
Quinta da Barca,Portugal,Europe,866-008,,1998,,,http://www.wikidata.org/entity/Q64686795,-7.1008,40.9856
Quinta da Ervamoira,Portugal,Europe,866-009,,1998,,,http://www.wikidata.org/entity/Q64686796,-7.1053,41.02
Quinta do Fariseu,Portugal,Europe,866-010,,1998,,,http://www.wikidata.org/entity/Q64686797,-7.108801,41.041117
Qutb complex,India,Asia,233,,1993,http://www.wikidata.org/entity/Q23038978,http://delhitourism.gov.in/delhitourism/tourist_place/qutab_minar.jsp,http://www.wikidata.org/entity/Q1074330,77.18543,28.524382
Rachid Karami International Fair,Lebanon,Asia,1702,,2023,http://www.wikidata.org/entity/Q23038976;http://www.wikidata.org/entity/Q23038978,,http://www.wikidata.org/entity/Q116448209,35.825911341,34.439613877
Renato Russo Cultural Center,Brazil,South America,,,1987,,,http://www.wikidata.org/entity/Q10274951,-47.90575435,-15.812886391
Ribeira de Piscos / Quinta dos Poios,Portugal,Europe,866-011,,1998,,,http://www.wikidata.org/entity/Q64686798,-7.1169,41.0181
Ribeirinha,Portugal,Europe,866-012,,1998,,,http://www.wikidata.org/entity/Q64686800,-7.102788,40.99199
Rideau Canal World Heritage Site,Canada,North America,1221,,2007,http://www.wikidata.org/entity/Q23038972;http://www.wikidata.org/entity/Q23038978,,http://www.wikidata.org/entity/Q18087815,-75.765125,44.994386111
Rock Paintings of Hua Mountain,People's Republic of China,Asia,1508,,2016,http://www.wikidata.org/entity/Q23038977;http://www.wikidata.org/entity/Q23038980,,http://www.wikidata.org/entity/Q1632877,107.042276,22.248327
Royal Building of Mafra,Portugal,Europe,1573,,2019,http://www.wikidata.org/entity/Q23038978,,http://www.wikidata.org/entity/Q54948065,-9.326395,38.936922
Royal Domain of Drottningholm,Sweden,Europe,559,,1991,http://www.wikidata.org/entity/Q23038978,,http://www.wikidata.org/entity/Q28246887,17.886380555,59.321688888
Rua da Sofia (Coimbra),Portugal,Europe,,,2013,,,http://www.wikidata.org/entity/Q40215441,-8.430607,40.212935
Ruins of Kilwa Kisiwani and Ruins of Songo Mnara,Tanzania,Africa,144,,1981,http://www.wikidata.org/entity/Q23038977,,http://www.wikidata.org/entity/Q15726282,39.52277778,-8.95777778
Ruins of St. Paul's,People's Republic of China,Asia,1110,,,,http://www.wh.mo/cn/site/detail/18,http://www.wikidata.org/entity/Q1551411,113.54086,22.197468
Sado Island Gold Mines,Japan,Asia,1698,,2024,http://www.wikidata.org/entity/Q23038978,https://www.sado-goldmine.jp/,http://www.wikidata.org/entity/Q127378385,138.257777777,38.040833333
Saint Sophia Cathedral,Ukraine,Europe,527-001,,1990,http://www.wikidata.org/entity/Q23038972;http://www.wikidata.org/entity/Q23038976;http://www.wikidata.org/entity/Q23038977;http://www.wikidata.org/entity/Q23038978,https://st-sophia.org.ua/en/home/,http://www.wikidata.org/entity/Q830054,30.514444444,50.452777777
Saloum Delta,Senegal,Africa,1359,,2011,http://www.wikidata.org/entity/Q23038977;http://www.wikidata.org/entity/Q23038978;http://www.wikidata.org/entity/Q23038979,,http://www.wikidata.org/entity/Q559363,-16.498611111,13.835277777
Sammallahdenmäki,Finland,Europe,579,,1999,http://www.wikidata.org/entity/Q23038977;http://www.wikidata.org/entity/Q23038978,,http://www.wikidata.org/entity/Q239748,21.7751687,61.11767375
San Agustin archeological park,Colombia,South America,744,,1995,http://www.wikidata.org/entity/Q23038977,https://www.icanh.gov.co/parques-icanh/parque-arqueologico-san-agustin,http://www.wikidata.org/entity/Q2887224,-76.2333,1.91667
Sanctuary of Bom Jesus de Matosinhos,Brazil,South America,334,,1985,http://www.wikidata.org/entity/Q23038972;http://www.wikidata.org/entity/Q23038978,,http://www.wikidata.org/entity/Q1595417,-43.860694444,-20.507777777
Sangiran,Indonesia,Asia,593,,1996,http://www.wikidata.org/entity/Q23038977;http://www.wikidata.org/entity/Q23038980,,http://www.wikidata.org/entity/Q842328,110.85,-7.45
Santa Casa da Misericórdia,People's Republic of China,Asia,1110,,,,,http://www.wikidata.org/entity/Q4310094,113.54027778,22.19361111
Santa Clara Church,Peru,South America,,,,,,http://www.wikidata.org/entity/Q42828387,-71.982094,-13.520018
Serra da Capivara National Park,Brazil,South America,606,,1991,http://www.wikidata.org/entity/Q23038977,,http://www.wikidata.org/entity/Q267394,-42.55,-8.6667
Settlement and Artificial Mummification of the Chinchorro Culture in the Arica and Parinacota Region,Chile,South America,1634,,2021,http://www.wikidata.org/entity/Q23038977;http://www.wikidata.org/entity/Q23038979,,http://www.wikidata.org/entity/Q108096731,-70.322,-18.482
Shark Bay,Australia,Oceania,578,,1991,http://www.wikidata.org/entity/Q23038981;http://www.wikidata.org/entity/Q23038983;http://www.wikidata.org/entity/Q23038985;http://www.wikidata.org/entity/Q23038986,,http://www.wikidata.org/entity/Q38167074,113.604655,-25.92897
Sheikh Safi al-Din Khānegāh and Shrine Ensemble,Iran,Asia,1345,,2010,http://www.wikidata.org/entity/Q23038972;http://www.wikidata.org/entity/Q23038976;http://www.wikidata.org/entity/Q23038978,,http://www.wikidata.org/entity/Q4243,48.291388888,38.248611111
Shrines and Temples of Nikkō,Japan,Asia,913,,1999,http://www.wikidata.org/entity/Q23038972;http://www.wikidata.org/entity/Q23038978;http://www.wikidata.org/entity/Q23038980,http://www.city.nikko.lg.jp/kanko/rekishi/shaji/,http://www.wikidata.org/entity/Q1063133,139.6105556,36.7475
Shushtar Historical Hydraulic System,Iran,Asia,1315,,2009,http://www.wikidata.org/entity/Q23038972;http://www.wikidata.org/entity/Q23038976;http://www.wikidata.org/entity/Q23038979,https://swhb.ir/,http://www.wikidata.org/entity/Q2274974,48.848687,32.053723
"Sites of Japan’s Meiji Industrial Revolution: Iron and Steel, Shipbuilding and Coal Mining",Japan,Asia,1484,,2015,http://www.wikidata.org/entity/Q23038976;http://www.wikidata.org/entity/Q23038978,http://www.japansmeijiindustrialrevolution.com/,http://www.wikidata.org/entity/Q7751872,131.4122222,34.43055556
Solovetsky Islands,Russia,Europe,632,,1992,,,http://www.wikidata.org/entity/Q205711,35.710556,65.024444
Sosu Seowon,South Korea,Asia,1498-001,,2019,,,http://www.wikidata.org/entity/Q625586,128.58,36.92555556
St Lawrence's Church,People's Republic of China,Asia,1110,,,http://www.wikidata.org/entity/Q23038976;http://www.wikidata.org/entity/Q23038977;http://www.wikidata.org/entity/Q23038978;http://www.wikidata.org/entity/Q23038980,,http://www.wikidata.org/entity/Q3271236,113.5368056,22.19069444
St. Anthony's Church,People's Republic of China,Asia,1110,,,,,http://www.wikidata.org/entity/Q6730196,113.539452777,22.198961111
St. Augustine's Church,People's Republic of China,Asia,1110,,,,,http://www.wikidata.org/entity/Q4587786,113.538274,22.192204
St. Dominic's Church,People's Republic of China,Asia,1110,,,,,http://www.wikidata.org/entity/Q4130614,113.54036,22.19483
St. Joseph's Seminary and Church,People's Republic of China,Asia,1110,,,,,http://www.wikidata.org/entity/Q4579079,113.537,22.1919
Statue of Liberty,United States,North America,,,1984,,http://www.nps.gov/stli/index.htm,http://www.wikidata.org/entity/Q9202,-74.044425277,40.689209166
Stonehenge,United Kingdom,Europe,373,,,http://www.wikidata.org/entity/Q23038972;http://www.wikidata.org/entity/Q23038976;http://www.wikidata.org/entity/Q23038977,https://www.english-heritage.org.uk/stonehenge,http://www.wikidata.org/entity/Q39671,-1.826111111,51.178888888
streets in Cusco,Peru,South America,,,,,,http://www.wikidata.org/entity/Q42826974,-71.978794,-13.516748
Struve Geodetic Arc,Moldova,Europe,1187,,2005,http://www.wikidata.org/entity/Q23038976;http://www.wikidata.org/entity/Q23038977;http://www.wikidata.org/entity/Q23038980,,http://www.wikidata.org/entity/Q192243,25.649444444,52.289444444
Sydney Opera House,Australia,Oceania,166rev,,2007,http://www.wikidata.org/entity/Q23038972,https://sydneyoperahouse.com,http://www.wikidata.org/entity/Q45178,151.214897,-33.857058
Syracuse and the Rocky Necropolis of Pantalica,Italy,Europe,1200,,2005,http://www.wikidata.org/entity/Q23038976;http://www.wikidata.org/entity/Q23038977;http://www.wikidata.org/entity/Q23038978;http://www.wikidata.org/entity/Q23038980,,http://www.wikidata.org/entity/Q15604441,15.29306,37.05944
São Francisco Square,Brazil,South America,1272rev,,2010,http://www.wikidata.org/entity/Q23038976;http://www.wikidata.org/entity/Q23038978,,http://www.wikidata.org/entity/Q7214285,-37.20555556,-11.01361111
Sítio Roberto Burle Marx,Brazil,South America,1620,,2021,http://www.wikidata.org/entity/Q23038976;http://www.wikidata.org/entity/Q23038978,https://sitioburlemarx.org/,http://www.wikidata.org/entity/Q56695607,-43.54474,-23.02385
Tabriz Bazaar,Iran,Asia,1346,,2010,http://www.wikidata.org/entity/Q23038976;http://www.wikidata.org/entity/Q23038977;http://www.wikidata.org/entity/Q23038978,,http://www.wikidata.org/entity/Q4399,46.292286111,38.080772222
Taj Mahal,India,Asia,252,,,http://www.wikidata.org/entity/Q23038972,https://www.tajmahal.gov.in/,http://www.wikidata.org/entity/Q9141,78.041944444,27.175
Takht-e Soleyman,Iran,Asia,1077,,2003,http://www.wikidata.org/entity/Q23038972;http://www.wikidata.org/entity/Q23038976;http://www.wikidata.org/entity/Q23038977;http://www.wikidata.org/entity/Q23038978;http://www.wikidata.org/entity/Q23038980,,http://www.wikidata.org/entity/Q115253,47.234166666,36.604722222
Tarnowskie Góry Lead-Silver-Zinc Mine and its Underground Water Management System,Poland,Europe,1539,,2017,http://www.wikidata.org/entity/Q23038972;http://www.wikidata.org/entity/Q23038976;http://www.wikidata.org/entity/Q23038978,,http://www.wikidata.org/entity/Q48841031,18.85123,50.4427
Temple of Anahita at Bishapur,Iran,Asia,,,2018,http://www.wikidata.org/entity/Q23038976;http://www.wikidata.org/entity/Q23038977;http://www.wikidata.org/entity/Q23038980,,http://www.wikidata.org/entity/Q5866947,51.5756862,29.7800335
Teotihuacan,Mexico,North America,414,,1987,http://www.wikidata.org/entity/Q23038972;http://www.wikidata.org/entity/Q23038976;http://www.wikidata.org/entity/Q23038977;http://www.wikidata.org/entity/Q23038978;http://www.wikidata.org/entity/Q23038980,https://www.inah.gob.mx/zonas/23-zona-arqueologica-de-teotihuacan,http://www.wikidata.org/entity/Q172613,-98.843888888,19.6925
The Cosmological Axis of Yogyakarta and its Historic Landmarks,Indonesia,Asia,1671,,2023,,https://www.jogjaworldheritage.com/,http://www.wikidata.org/entity/Q96012243,110.3647778,-7.8013889
The Historic Centre (Chorá) with the Monastery of Saint-John the Theologian and the Cave of the Apocalypse on the Island of Pátmos,Greece,Europe,942,,1999,http://www.wikidata.org/entity/Q23038977;http://www.wikidata.org/entity/Q23038978;http://www.wikidata.org/entity/Q23038980,,http://www.wikidata.org/entity/Q17132271,26.55,37.3
The Tomioka Silk Mill and Related Industrial Heritage,Japan,Asia,1449,,2014,http://www.wikidata.org/entity/Q23038976;http://www.wikidata.org/entity/Q23038978,https://worldheritage.pref.gunma.jp/tomikinu/index.php/zhtw/,http://www.wikidata.org/entity/Q7769551,138.888,36.2553
Thiepval Memorial,France,Europe,,,2023,,,http://www.wikidata.org/entity/Q1861419,2.685833333,50.050555555
Tiya archaeological site,Ethiopia,Africa,12,,1980,http://www.wikidata.org/entity/Q23038972;http://www.wikidata.org/entity/Q23038978,,http://www.wikidata.org/entity/Q6130080,38.61211111,8.43491667
Torre de San Martín,Spain,Europe,378-003,,1986,,,http://www.wikidata.org/entity/Q7826989,-1.10933,40.3443
Tower of Iglesia de San Salvador,Spain,Europe,378-002,,1986,,,http://www.wikidata.org/entity/Q3896939,-1.108090767,40.342095637
Town Hall and Roland on the Marketplace of Bremen,Germany,Europe,1087,,2004,http://www.wikidata.org/entity/Q23038977;http://www.wikidata.org/entity/Q23038978;http://www.wikidata.org/entity/Q23038980,,http://www.wikidata.org/entity/Q15238169,8.807472222,53.07597222
Trinity Lavra of St. Sergius,Russia,Europe,657,,1993,http://www.wikidata.org/entity/Q23038976;http://www.wikidata.org/entity/Q23038978,https://stsl.ru/languages/en/,http://www.wikidata.org/entity/Q211962,38.13065,56.31035
Tyne Cot Memorial,Belgium,Europe,,,2023,,,http://www.wikidata.org/entity/Q15991782,3.00067,50.88745
Uluṟu-Kata Tjuṯa National Park,Australia,Oceania,447rev,,1987,http://www.wikidata.org/entity/Q23038979;http://www.wikidata.org/entity/Q23038980;http://www.wikidata.org/entity/Q23038981;http://www.wikidata.org/entity/Q23038983,https://parksaustralia.gov.au/uluru/index.html,http://www.wikidata.org/entity/Q251999,130.985732,-25.322076
Universidade de Coimbra – Alta e Sofia,Portugal,Europe,1387,,2013,http://www.wikidata.org/entity/Q23038976;http://www.wikidata.org/entity/Q23038978;http://www.wikidata.org/entity/Q23038980,,http://www.wikidata.org/entity/Q15229957,-8.425775,40.20781111
Upper German-Raetian Limes,Germany,Europe,430-001,,1987,http://www.wikidata.org/entity/Q23038976;http://www.wikidata.org/entity/Q23038977;http://www.wikidata.org/entity/Q23038978,,http://www.wikidata.org/entity/Q17374397,9.1575,49.796388888
Urnes Stave Church,Norway,Europe,58,,1979,http://www.wikidata.org/entity/Q23038972;http://www.wikidata.org/entity/Q23038976;http://www.wikidata.org/entity/Q23038977,http://www.fortidsminneforeningen.no/properties/56/98,http://www.wikidata.org/entity/Q210678,7.3225,61.298055555
V.C. Corner Australian Cemetery and Memorial,France,Europe,,,2023,,,http://www.wikidata.org/entity/Q2040499,2.83367,50.61957
Vale de Figueira / Teixugo,Portugal,Europe,866-014,,1998,,,http://www.wikidata.org/entity/Q64686803,-7.16754,41.036383
Vale de Moinhos,Portugal,Europe,866-015,,1998,,,http://www.wikidata.org/entity/Q64686804,-7.109336,41.074741
Vale de Namoradas,Portugal,Europe,866-016,,1998,,,http://www.wikidata.org/entity/Q64686805,-7.0853,41.0353
Valerian Palace,Iran,Asia,,,2018,http://www.wikidata.org/entity/Q23038976;http://www.wikidata.org/entity/Q23038977;http://www.wikidata.org/entity/Q23038980,,http://www.wikidata.org/entity/Q5686125,51.5772211,29.7800119
Valmayor V,Spain,Europe,874-661,,1998,,,http://www.wikidata.org/entity/Q56702873,0.1559,41.3065
Valongo Wharf,Brazil,South America,1548,2011,2017,http://www.wikidata.org/entity/Q23038980,,http://www.wikidata.org/entity/Q20048515,-43.187394,-22.897111
Verla,Finland,Europe,751,,1996,http://www.wikidata.org/entity/Q23038978,http://www.verla.fi/,http://www.wikidata.org/entity/Q217447,26.640016,61.061992
Viking Age Ring Fortresses,Denmark,Europe,1660,,2023,http://www.wikidata.org/entity/Q23038977;http://www.wikidata.org/entity/Q23038978,,http://www.wikidata.org/entity/Q64518271,11.265277777,55.394166666
Villers–Bretonneux Australian National Memorial,France,Europe,,,2023,,,http://www.wikidata.org/entity/Q2544355,2.51291,49.887008
Virgin Komi Forests,Russia,Europe,719,,1995,http://www.wikidata.org/entity/Q23038981;http://www.wikidata.org/entity/Q23038985,http://www.vfk.komi.com,http://www.wikidata.org/entity/Q593870,60.15,65.06666667
Visoki Dečani,Serbia,Europe,724-001,,2004,http://www.wikidata.org/entity/Q23038976;http://www.wikidata.org/entity/Q23038977;http://www.wikidata.org/entity/Q23038978,https://www.decani.org,http://www.wikidata.org/entity/Q849517,20.266388888,42.546944444
Volcanoes of Kamchatka,Russia,Europe,765,,1996,http://www.wikidata.org/entity/Q23038981;http://www.wikidata.org/entity/Q23038983;http://www.wikidata.org/entity/Q23038985;http://www.wikidata.org/entity/Q23038986,,http://www.wikidata.org/entity/Q64746144,160.5501,56.1
Wadden Sea,Germany,Europe,1314ter,,2009,http://www.wikidata.org/entity/Q23038983;http://www.wikidata.org/entity/Q23038985;http://www.wikidata.org/entity/Q23038986,,http://www.wikidata.org/entity/Q64590476,8.556111111,53.528611111
Warsaw Old Town,Poland,Europe,30bis,,1980,http://www.wikidata.org/entity/Q23038976;http://www.wikidata.org/entity/Q23038980,,http://www.wikidata.org/entity/Q1139084,21.012222222,52.249722222
West Norwegian Fjords – Geirangerfjord and Nærøyfjord,Norway,Europe,1195,,2005,http://www.wikidata.org/entity/Q23038981;http://www.wikidata.org/entity/Q23038983,,http://www.wikidata.org/entity/Q12269990,6.977692,60.965776
Western Caucasus,Russia,Europe,900,,1999,http://www.wikidata.org/entity/Q23038985;http://www.wikidata.org/entity/Q23038986,,http://www.wikidata.org/entity/Q64798261,40.0,44.0
Wet Tropics of Queensland,Australia,Oceania,486,,1988,http://www.wikidata.org/entity/Q23038981;http://www.wikidata.org/entity/Q23038983;http://www.wikidata.org/entity/Q23038985;http://www.wikidata.org/entity/Q23038986,,http://www.wikidata.org/entity/Q1135808,145.8,-17.2
White City,Israel,Asia,1096,,2003,http://www.wikidata.org/entity/Q23038976;http://www.wikidata.org/entity/Q23038978,,http://www.wikidata.org/entity/Q159070,34.773888888,32.077777777
White Monuments of Vladimir and Suzdal,Russia,Europe,633,,1992,http://www.wikidata.org/entity/Q23038972;http://www.wikidata.org/entity/Q23038976;http://www.wikidata.org/entity/Q23038978,,http://www.wikidata.org/entity/Q838264,40.4167,56.15
Willandra Lakes Region,Australia,Oceania,167,,1981,http://www.wikidata.org/entity/Q23038977;http://www.wikidata.org/entity/Q23038983,,http://www.wikidata.org/entity/Q747875,143.101406,-33.618142
World Heritage Dolomites,Italy,Europe,,,,,,http://www.wikidata.org/entity/Q2558177,12.16306,46.61306
Zendan-e Soleyman,Iran,Asia,,,2003,,,http://www.wikidata.org/entity/Q5901248,47.201666666,36.614444444
Zollverein Coal Mine Industrial Complex,Germany,Europe,975,,2001,http://www.wikidata.org/entity/Q23038976;http://www.wikidata.org/entity/Q23038977,https://www.zollverein.de/,http://www.wikidata.org/entity/Q122026,7.04408,51.4865
Zona Central da Cidade de Angra do Heroísmo,Portugal,Europe,,,,,,http://www.wikidata.org/entity/Q66815885,-27.216667,38.65
Zubarah,Qatar,Asia,1402rev,,2013,http://www.wikidata.org/entity/Q23038977;http://www.wikidata.org/entity/Q23038978;http://www.wikidata.org/entity/Q23038979,,http://www.wikidata.org/entity/Q2727469,51.0272187,25.9833949
